Unnamed: 0,Age,Sex,Job,Housing,Saving accounts,Credit amount,Duration,Purpose
0,67,1,2,0,1,1169,6,radio/TV
1,22,0,2,0,1,5951,48,radio/TV
2,49,1,1,0,1,2096,12,education
3,45,1,2,1,1,7882,42,furniture/equipment
4,53,1,2,1,1,4870,24,car
5,35,1,1,1,4,9055,36,education
6,53,1,2,0,4,2835,24,furniture/equipment
7,35,1,3,2,1,6948,36,car
8,61,1,1,0,3,3059,12,radio/TV
9,28,1,3,0,1,5234,30,car
10,25,0,2,2,1,1295,12,car
11,24,0,2,2,1,4308,48,business
12,22,0,2,0,1,1567,12,radio/TV
13,60,1,1,0,1,1199,24,car
14,28,0,2,2,1,1403,15,car
15,32,0,1,0,2,1282,24,radio/TV
16,53,1,2,0,1,2424,24,radio/TV
17,25,1,2,0,1,8072,30,business
18,44,0,3,1,1,12579,24,car
19,31,1,2,0,4,3430,24,radio/TV
20,48,1,2,0,1,2134,9,car
21,44,1,2,2,4,2647,6,radio/TV
22,48,1,1,2,1,2241,10,car
23,44,1,2,0,2,1804,12,car
24,26,1,2,0,1,2069,10,furniture/equipment
25,36,1,1,0,1,1374,6,furniture/equipment
26,39,1,1,0,1,426,6,radio/TV
27,42,0,2,2,3,409,12,radio/TV
28,34,1,2,0,1,2415,7,radio/TV
29,63,1,2,0,1,6836,60,business
30,36,1,2,0,3,1913,18,business
31,27,1,2,0,1,4020,24,furniture/equipment
32,30,1,2,0,2,5866,18,car
33,57,1,1,2,1,1264,12,business
34,33,0,3,0,1,1474,12,furniture/equipment
35,25,1,1,0,1,4746,45,radio/TV
36,31,1,2,1,1,6110,48,education
37,37,1,2,0,1,2100,18,radio/TV
38,37,1,2,0,1,1225,10,domestic appliances
39,24,1,2,0,1,458,9,radio/TV
40,30,1,3,0,4,2333,30,radio/TV
41,26,1,2,0,4,1158,12,radio/TV
42,44,1,1,0,1,6204,18,repairs
43,24,1,2,2,2,6187,30,car
44,58,0,1,1,1,6143,48,car
45,35,0,3,0,1,1393,11,car
46,39,1,2,0,4,2299,36,radio/TV
47,23,0,0,2,4,1352,6,car
48,39,1,1,0,1,7228,11,car
49,28,0,2,0,2,2073,12,radio/TV
50,29,1,1,0,1,2333,24,furniture/equipment
51,30,1,3,0,1,5965,27,car
52,25,1,2,0,1,1262,12,radio/TV
53,31,1,2,0,1,3378,18,car
54,57,1,2,1,1,2225,36,car
55,26,1,1,0,1,783,6,car
56,52,1,3,0,1,6468,12,radio/TV
57,31,0,2,0,1,9566,36,radio/TV
58,23,0,3,0,1,1961,18,car
59,23,0,1,2,1,6229,36,furniture/equipment
60,27,1,2,0,1,1391,9,business
61,50,1,2,0,1,1537,15,radio/TV
62,61,1,3,1,1,1953,36,business
63,25,1,2,0,1,14421,48,business
64,26,0,2,0,1,3181,24,radio/TV
65,48,1,2,0,1,5190,27,repairs
66,29,0,2,0,1,2171,12,radio/TV
67,22,1,2,0,3,1007,12,car
68,37,1,2,1,1,1819,36,education
69,25,0,2,0,1,2394,36,radio/TV
70,30,0,2,0,1,8133,36,car
71,46,1,1,2,1,730,7,radio/TV
72,51,1,3,1,1,1164,8,vacation/others
73,41,0,1,0,1,5954,42,business
74,40,1,3,0,1,1977,36,education
75,66,1,3,1,1,1526,12,car
76,34,1,2,0,1,3965,42,radio/TV
77,51,1,2,0,1,4771,11,radio/TV
78,39,1,1,0,1,9436,54,car
79,22,1,2,0,1,3832,30,furniture/equipment
80,44,0,2,0,4,5943,24,radio/TV
81,47,1,2,0,4,1213,15,radio/TV
82,24,0,1,2,2,1568,18,business
83,58,0,1,0,1,1755,24,vacation/others
84,52,1,1,0,1,2315,10,radio/TV
85,29,0,3,0,1,1412,12,business
86,27,0,2,0,1,1295,18,furniture/equipment
87,47,1,2,1,2,12612,36,education
88,30,1,3,0,2,2249,18,car
89,28,1,2,0,1,1108,12,repairs
90,56,1,2,0,1,618,12,radio/TV
91,54,1,2,0,1,1409,12,car
92,33,0,1,0,3,797,12,radio/TV
93,20,1,2,2,3,3617,24,furniture/equipment
94,54,1,2,0,3,1318,12,car
95,58,1,2,2,1,15945,54,business
96,61,0,2,0,2,2012,12,education
97,34,1,2,0,2,2622,18,business
98,36,1,2,0,1,2337,36,radio/TV
99,36,1,3,2,2,7057,20,car
100,41,1,1,2,2,1469,24,car
101,24,1,2,2,1,2323,36,radio/TV
102,24,0,2,0,1,932,6,radio/TV
103,35,1,2,2,1,1919,9,furniture/equipment
104,26,1,2,2,1,2445,12,car
105,39,1,3,0,1,11938,24,vacation/others
106,39,1,3,0,1,6458,18,car
107,32,1,2,0,1,6078,12,car
108,30,0,2,0,4,7721,24,furniture/equipment
109,35,1,2,0,4,1410,14,business
110,31,1,2,0,2,1449,6,business
111,23,0,2,2,1,392,15,education
112,28,1,1,2,1,6260,18,car
113,25,0,2,0,1,7855,36,car
114,35,1,2,0,4,1680,12,radio/TV
115,47,1,2,0,4,3578,48,radio/TV
116,30,0,3,0,4,7174,42,radio/TV
117,27,0,2,2,4,2132,10,furniture/equipment
118,23,0,2,0,4,4281,33,furniture/equipment
119,36,1,3,0,4,2366,12,car
120,25,0,2,0,1,1835,21,radio/TV
121,41,0,3,2,1,3868,24,car
122,24,1,1,2,1,1768,12,furniture/equipment
123,63,1,2,1,1,781,10,car
124,27,0,2,2,1,1924,18,furniture/equipment
125,30,1,2,0,1,2121,12,car
126,40,1,1,0,1,701,12,radio/TV
127,30,1,2,0,1,639,12,repairs
128,34,1,3,0,1,1860,12,car
129,29,0,2,0,1,3499,12,car
130,24,0,2,0,1,8487,48,car
131,29,1,2,0,1,6887,36,education
132,27,1,1,0,1,2708,15,furniture/equipment
133,47,1,2,1,1,1984,18,furniture/equipment
134,21,0,2,0,2,10144,60,radio/TV
135,38,0,2,0,3,1240,12,radio/TV
136,27,1,2,0,3,8613,27,car
137,66,1,1,0,4,766,12,radio/TV
138,35,1,2,0,1,2728,15,radio/TV
139,44,0,1,2,1,1881,12,radio/TV
140,27,1,0,0,3,709,6,car
141,30,0,3,0,1,4795,36,radio/TV
142,27,1,3,0,1,3416,27,radio/TV
143,22,1,2,0,1,2462,18,furniture/equipment
144,23,0,2,0,1,2288,21,furniture/equipment
145,30,1,2,0,2,3566,48,business
146,39,0,2,0,1,860,6,car
147,51,0,2,0,2,682,12,car
148,28,1,2,0,1,5371,36,furniture/equipment
149,46,1,2,0,3,1582,18,radio/TV
150,42,1,2,1,2,1346,6,radio/TV
151,38,1,2,0,1,1924,10,radio/TV
152,24,1,2,0,1,5848,36,radio/TV
153,29,0,2,2,3,7758,24,car
154,36,1,3,2,2,6967,24,business
155,20,0,2,2,1,1282,12,furniture/equipment
156,48,1,2,0,2,1288,9,repairs
157,45,1,1,0,1,339,12,education
158,38,1,2,0,2,3512,24,car
159,34,1,1,0,2,1898,6,radio/TV
160,36,1,2,0,2,2872,24,radio/TV
161,30,0,2,0,1,1055,18,car
162,36,1,2,0,4,1262,15,domestic appliances
163,70,1,3,1,1,7308,10,car
164,36,1,2,0,4,909,36,car
165,32,1,2,0,4,2978,6,furniture/equipment
166,33,0,2,0,1,1131,18,furniture/equipment
167,20,0,2,0,3,1577,11,furniture/equipment
168,25,0,2,2,1,3972,24,furniture/equipment
169,31,1,2,0,1,1935,24,business
170,33,1,2,2,1,950,15,car
171,26,0,2,0,1,763,12,furniture/equipment
172,34,0,3,0,1,2064,24,furniture/equipment
173,33,1,2,0,1,1414,8,radio/TV
174,26,1,2,0,1,3414,21,education
175,53,0,3,0,1,7485,30,car
176,42,1,2,0,1,2577,12,furniture/equipment
177,52,1,2,0,4,338,6,radio/TV
178,31,1,3,2,1,1963,12,radio/TV
179,65,1,2,0,1,571,21,car
180,28,1,2,0,1,9572,36,business
181,30,1,3,0,1,4455,36,business
182,40,1,1,0,3,1647,21,car
183,50,1,2,0,3,3777,24,furniture/equipment
184,36,1,2,0,1,884,18,car
185,31,1,2,0,1,1360,15,radio/TV
186,74,0,3,1,1,5129,9,car
187,68,1,0,1,1,1175,16,car
188,20,1,2,0,2,674,12,radio/TV
189,33,0,2,0,1,3244,18,furniture/equipment
190,54,1,3,0,3,4591,24,business
191,34,1,1,1,2,3844,48,business
192,36,1,2,0,1,3915,27,business
193,29,1,2,2,1,2108,6,radio/TV
194,21,1,2,2,2,3031,45,radio/TV
195,34,0,3,0,1,1501,9,education
196,28,0,2,0,1,1382,6,radio/TV
197,27,0,2,2,2,951,12,furniture/equipment
198,36,1,2,1,1,2760,24,car
199,40,1,3,0,1,4297,18,furniture/equipment
200,52,1,2,0,4,936,9,education
201,27,1,1,0,1,1168,12,car
202,26,1,2,0,1,5117,27,business
203,21,1,2,2,1,902,12,education
204,38,1,1,0,1,1495,12,car
205,38,1,3,1,1,10623,30,car
206,43,1,2,0,1,1935,12,furniture/equipment
207,26,1,2,0,1,1424,12,domestic appliances
208,21,1,1,0,1,6568,24,business
209,55,1,2,0,3,1413,12,car
210,33,1,2,0,1,3074,9,radio/TV
211,45,0,1,0,1,3835,36,radio/TV
212,50,1,2,0,1,5293,27,business
213,66,1,3,0,1,1908,30,business
214,51,1,2,0,1,3342,36,radio/TV
215,39,0,1,0,1,932,6,education
216,31,1,2,0,1,3104,18,business
217,23,1,2,0,1,3913,36,radio/TV
218,24,1,1,2,1,3021,24,furniture/equipment
219,64,0,2,0,1,1364,10,car
220,26,1,1,0,1,625,12,radio/TV
221,23,0,2,2,1,1200,12,education
222,30,1,2,0,1,707,12,radio/TV
223,32,1,2,0,1,2978,24,business
224,30,1,2,0,1,4657,15,car
225,27,1,2,0,1,2613,36,repairs
226,27,1,2,0,3,10961,48,radio/TV
227,53,1,3,1,1,7865,12,furniture/equipment
228,22,1,2,0,1,1478,9,radio/TV
229,22,1,2,1,1,3149,24,furniture/equipment
230,26,1,2,0,1,4210,36,radio/TV
231,51,1,1,1,4,2507,9,car
232,35,1,2,0,2,2141,12,radio/TV
233,25,1,1,0,1,866,18,radio/TV
234,42,1,1,0,1,1544,4,radio/TV
235,30,1,3,0,1,1823,24,radio/TV
236,23,1,0,0,2,14555,6,car
237,61,1,1,2,2,2767,21,business
238,35,0,2,0,1,1291,12,radio/TV
239,39,1,2,0,1,2522,30,radio/TV
240,29,0,2,0,1,915,24,car
241,51,1,2,0,1,1595,6,radio/TV
242,24,1,2,1,1,4605,48,car
243,27,0,2,0,1,1185,12,business
244,35,0,1,0,4,3447,12,education
245,25,1,2,0,1,1258,24,business
246,52,1,2,0,1,717,12,radio/TV
247,35,1,2,2,2,1204,6,car
248,26,1,2,0,1,1925,24,furniture/equipment
249,22,0,2,2,1,433,18,radio/TV
250,39,0,1,0,3,666,6,car
251,46,0,1,0,1,2251,12,furniture/equipment
252,24,0,2,0,1,2150,30,car
253,35,1,2,0,2,4151,24,furniture/equipment
254,24,1,2,0,1,2030,9,furniture/equipment
255,27,1,1,0,1,7418,60,radio/TV
256,35,1,1,0,1,2684,24,radio/TV
257,29,1,2,1,1,2149,12,radio/TV
258,23,0,2,0,2,3812,15,car
259,57,0,1,0,2,1154,11,radio/TV
260,27,1,2,0,1,1657,12,furniture/equipment
261,55,0,2,0,1,1603,24,radio/TV
262,36,1,3,1,1,5302,18,car
263,57,0,1,1,1,2748,12,education
264,32,1,1,0,1,1231,10,car
265,37,1,2,0,1,802,15,radio/TV
266,36,1,2,0,1,6304,36,business
267,38,0,2,0,1,1533,24,radio/TV
268,45,1,3,0,1,8978,14,car
269,25,1,2,0,4,999,24,radio/TV
270,32,1,2,0,4,2662,18,car
271,37,0,2,2,4,1402,12,furniture/equipment
272,36,1,3,1,1,12169,48,car
273,28,1,2,0,1,3060,48,radio/TV
274,34,1,1,0,1,11998,30,repairs
275,32,1,2,0,1,2697,9,radio/TV
276,26,0,2,0,1,2404,18,radio/TV
277,49,1,1,0,1,1262,12,furniture/equipment
278,32,0,2,0,1,4611,6,furniture/equipment
279,29,1,3,2,2,1901,24,radio/TV
280,23,1,2,2,3,3368,15,car
281,50,1,2,0,1,1574,12,furniture/equipment
282,49,1,1,0,2,1445,18,radio/TV
283,63,1,2,0,2,1520,15,furniture/equipment
284,37,1,2,0,2,3878,24,car
285,35,0,1,0,1,10722,47,car
286,26,1,2,0,1,4788,48,car
287,31,1,3,1,2,7582,48,vacation/others
288,49,0,2,0,1,1092,12,radio/TV
289,48,1,2,0,1,1024,24,radio/TV
290,26,1,2,0,1,1076,12,business
291,28,1,3,2,1,9398,36,car
292,44,0,3,1,1,6419,24,car
293,56,1,2,1,1,4796,42,car
294,46,1,3,0,1,7629,48,business
295,26,0,2,0,1,9960,48,furniture/equipment
296,20,0,2,2,1,4675,12,car
297,45,1,1,0,1,1287,10,car
298,43,1,2,0,1,2515,18,furniture/equipment
299,32,1,2,0,3,2745,21,furniture/equipment
300,54,0,0,0,1,672,6,car
301,42,0,2,0,1,3804,36,radio/TV
302,37,1,1,0,1,1344,24,car
303,49,1,2,0,1,1038,10,car
304,44,1,2,1,4,10127,48,car
305,33,1,2,0,3,1543,6,furniture/equipment
306,24,0,1,2,2,4811,30,car
307,33,1,1,0,2,727,12,radio/TV
308,24,0,2,0,1,1237,8,furniture/equipment
309,22,1,1,2,1,276,9,car
310,40,1,0,1,2,5381,48,vacation/others
311,25,1,2,0,2,5511,24,furniture/equipment
312,26,0,2,0,1,3749,24,furniture/equipment
313,25,1,1,0,1,685,12,car
314,29,1,1,0,1,1494,4,car
315,31,1,2,0,1,2746,36,furniture/equipment
316,38,1,1,0,1,708,12,furniture/equipment
317,48,0,1,0,1,4351,24,furniture/equipment
318,32,1,2,0,1,701,12,education
319,27,0,1,0,1,3643,15,furniture/equipment
320,28,1,3,0,1,4249,30,car
321,32,1,2,0,1,1938,24,radio/TV
322,34,1,3,1,1,2910,24,car
323,28,1,2,0,3,2659,18,furniture/equipment
324,36,0,2,0,1,1028,18,car
325,39,1,1,0,1,3398,8,car
326,49,1,2,2,3,5801,12,furniture/equipment
327,34,0,2,0,3,1525,24,car
328,31,1,2,0,1,4473,36,radio/TV
329,28,1,2,0,1,1068,6,radio/TV
330,75,1,3,1,1,6615,24,car
331,30,0,2,0,2,1864,18,education
332,24,0,3,0,2,7408,60,car
333,24,0,1,2,2,11590,48,car
334,23,1,2,2,1,4110,24,furniture/equipment
335,44,1,3,2,1,3384,6,furniture/equipment
336,23,0,1,0,1,2101,13,radio/TV
337,24,0,2,2,1,1275,15,domestic appliances
338,28,1,2,0,1,4169,24,furniture/equipment
339,31,1,1,0,1,1521,10,furniture/equipment
340,24,0,2,1,1,5743,24,education
341,26,0,1,2,1,3599,21,furniture/equipment
342,25,1,2,2,4,3213,18,radio/TV
343,33,1,3,0,1,4439,18,business
344,37,1,1,0,1,3949,10,car
345,43,0,1,0,1,1459,15,radio/TV
346,23,1,2,0,1,882,13,radio/TV
347,23,0,0,2,4,3758,24,radio/TV
348,34,1,1,0,2,1743,6,business
349,32,1,2,1,3,1136,9,education
350,23,0,2,2,1,1236,9,domestic appliances
351,29,0,2,0,1,959,9,furniture/equipment
352,38,1,3,0,1,3229,18,car
353,28,1,2,2,1,6199,12,radio/TV
354,46,1,2,1,4,727,10,education
355,23,1,1,0,1,1246,24,car
356,49,1,2,0,1,2331,12,radio/TV
357,26,1,3,0,1,4463,36,radio/TV
358,28,1,2,0,1,776,12,radio/TV
359,23,0,2,2,1,2406,30,furniture/equipment
360,61,1,2,1,1,1239,18,education
361,37,1,3,0,1,3399,12,radio/TV
362,36,0,2,0,1,2247,12,car
363,21,1,2,2,1,1766,6,furniture/equipment
364,25,1,0,0,1,2473,18,furniture/equipment
365,36,1,2,0,1,1542,12,business
366,27,1,2,0,1,3850,18,car
367,22,0,2,2,1,3650,18,furniture/equipment
368,42,1,2,0,1,3446,36,furniture/equipment
369,40,0,2,2,1,3001,18,furniture/equipment
370,36,1,2,0,1,3079,36,car
371,33,1,2,0,1,6070,18,radio/TV
372,23,0,2,2,1,2146,10,furniture/equipment
373,63,1,3,1,2,13756,60,car
374,60,0,3,1,2,14782,60,vacation/others
375,37,0,2,2,1,7685,48,business
376,34,1,2,0,1,2320,18,radio/TV
377,36,1,2,1,1,846,7,radio/TV
378,57,1,3,1,1,14318,36,car
379,52,0,1,0,2,362,6,car
380,39,1,2,0,1,2212,20,furniture/equipment
381,38,0,3,1,1,12976,18,car
382,25,0,2,2,1,1283,22,car
383,26,1,2,0,1,1330,12,car
384,26,1,1,0,2,4272,30,business
385,25,0,2,0,1,2238,18,radio/TV
386,21,0,2,2,1,1126,18,radio/TV
387,40,1,3,0,1,7374,18,furniture/equipment
388,27,1,2,0,4,2326,15,business
389,27,0,2,0,1,1449,9,business
390,30,1,3,0,1,1820,18,car
391,19,0,1,2,3,983,12,furniture/equipment
392,39,1,3,1,1,3249,36,car
393,31,0,2,0,1,1957,6,radio/TV
394,31,1,3,0,1,2406,9,furniture/equipment
395,32,1,2,2,2,11760,39,education
396,55,0,3,1,1,2578,12,furniture/equipment
397,46,1,2,0,1,2348,36,furniture/equipment
398,46,1,2,2,1,1223,12,car
399,43,0,1,0,3,1516,24,radio/TV
400,39,1,2,0,1,1473,18,radio/TV
401,28,1,2,0,1,1887,18,business
402,27,1,2,0,1,8648,24,business
403,27,1,1,0,1,802,14,car
404,43,1,2,0,1,2899,18,car
405,22,1,2,0,1,2039,24,radio/TV
406,43,1,2,0,1,2197,24,car
407,27,1,2,0,1,1053,15,radio/TV
408,26,1,3,0,4,3235,24,radio/TV
409,28,1,2,0,4,939,12,car
410,20,0,2,0,1,1967,24,radio/TV
411,35,1,3,0,1,7253,33,car
412,42,1,3,0,1,2292,12,business
413,40,1,1,2,4,1597,10,car
414,35,0,2,0,1,1381,24,car
415,35,1,2,0,1,5842,36,car
416,33,1,1,0,1,2579,12,car
417,23,0,2,2,4,8471,18,education
418,31,0,3,0,4,2782,21,car
419,33,0,2,0,3,1042,18,car
420,20,0,2,2,3,3186,15,car
421,30,1,2,0,1,2028,12,car
422,47,1,1,0,1,958,12,car
423,34,1,3,0,2,1591,21,furniture/equipment
424,25,0,2,0,1,2762,12,furniture/equipment
425,21,1,2,2,1,2779,18,car
426,29,1,2,0,1,2743,28,radio/TV
427,46,1,2,0,3,1149,18,radio/TV
428,20,1,2,0,1,1313,9,furniture/equipment
429,55,0,0,1,1,1190,18,repairs
430,74,1,1,0,1,3448,5,business
431,29,1,3,0,1,11328,24,vacation/others
432,36,1,3,1,1,1872,6,furniture/equipment
433,33,1,2,0,1,2058,24,repairs
434,25,1,2,0,1,2136,9,furniture/equipment
435,25,1,2,0,4,1484,12,radio/TV
436,23,1,1,2,4,660,6,repairs
437,37,0,2,0,3,1287,24,car
438,65,1,0,0,1,3394,42,repairs
439,26,0,0,0,1,609,12,business
440,39,1,3,0,1,1884,12,car
441,30,0,2,0,1,1620,12,furniture/equipment
442,29,1,2,0,1,2629,20,vacation/others
443,41,1,1,0,1,719,12,education
444,30,0,3,0,1,5096,48,furniture/equipment
445,41,0,1,2,1,1244,9,education
446,34,0,2,0,1,1842,36,car
447,35,1,2,0,1,2576,7,radio/TV
448,55,0,3,0,3,1424,12,furniture/equipment
449,61,1,2,0,3,1512,15,repairs
450,30,1,3,0,1,11054,36,car
451,29,0,2,0,1,518,6,radio/TV
452,34,1,2,0,1,2759,12,furniture/equipment
453,35,1,3,0,1,2670,24,car
454,31,1,2,0,1,4817,24,car
455,29,0,3,0,1,2679,24,car
456,36,1,2,2,1,3905,11,car
457,35,1,2,1,1,3386,12,car
458,27,0,2,0,1,343,6,domestic appliances
459,32,1,2,0,1,4594,18,radio/TV
460,37,1,2,0,1,3620,36,furniture/equipment
461,36,1,2,0,1,1721,15,car
462,34,0,3,2,1,3017,12,furniture/equipment
463,38,1,2,0,1,754,12,education
464,34,1,2,0,1,1950,18,business
465,63,1,2,0,1,2924,24,car
466,29,0,1,2,1,1659,24,radio/TV
467,32,1,2,0,1,7238,48,radio/TV
468,26,0,2,0,1,2764,33,business
469,35,1,1,0,1,4679,24,car
470,22,1,2,2,2,3092,24,radio/TV
471,23,0,2,0,1,448,6,education
472,28,1,1,0,1,654,9,car
473,36,1,3,0,1,1238,6,education
474,33,1,2,0,1,1245,18,radio/TV
475,26,0,2,2,1,3114,18,furniture/equipment
476,24,1,2,0,4,2569,39,car
477,25,1,2,0,1,5152,24,radio/TV
478,39,1,1,0,2,1037,12,business
479,44,1,2,0,1,1478,15,furniture/equipment
480,23,0,1,0,1,3573,12,radio/TV
481,26,1,2,0,1,1201,24,car
482,57,0,2,2,3,3622,30,furniture/equipment
483,30,0,2,0,3,960,15,furniture/equipment
484,44,1,2,0,4,1163,12,car
485,47,1,3,0,1,1209,6,car
486,52,1,2,0,1,3077,12,radio/TV
487,62,0,2,1,1,3757,24,car
488,35,1,1,2,2,1418,10,car
489,26,1,2,2,1,3518,6,car
490,26,1,2,0,1,1934,12,radio/TV
491,42,0,3,1,1,8318,27,business
492,27,0,2,0,2,1237,6,radio/TV
493,38,1,2,0,1,368,6,radio/TV
494,39,1,1,2,1,2122,12,car
495,20,1,2,0,2,2996,24,furniture/equipment
496,29,1,3,2,2,9034,36,furniture/equipment
497,40,1,2,0,1,1585,24,furniture/equipment
498,32,1,1,0,1,1301,18,radio/TV
499,28,1,2,0,2,1323,6,car
500,27,0,2,0,1,3123,24,car
501,42,1,2,1,1,5493,36,car
502,49,1,2,0,2,1126,9,radio/TV
503,38,1,2,0,2,1216,24,radio/TV
504,24,0,2,2,1,1207,24,car
505,27,1,1,0,4,1309,10,car
506,36,1,2,0,4,2360,15,car
507,34,1,3,0,2,6850,15,car
508,28,1,2,0,1,1413,24,radio/TV
509,45,1,3,0,2,8588,39,car
510,26,1,2,0,1,759,12,car
511,32,1,3,1,1,4686,36,car
512,26,1,2,2,1,2687,15,business
513,20,1,2,2,1,585,12,radio/TV
514,54,1,2,0,1,2255,24,car
515,37,0,2,0,1,609,6,car
516,40,1,1,0,1,1361,6,car
517,23,0,2,2,1,7127,36,furniture/equipment
518,43,1,2,0,2,1203,6,car
519,36,1,2,1,1,700,6,radio/TV
520,44,1,2,1,1,5507,24,repairs
521,24,0,2,0,1,3190,18,radio/TV
522,53,1,2,1,1,7119,48,furniture/equipment
523,23,0,2,0,2,3488,24,car
524,26,0,1,0,1,1113,18,radio/TV
525,30,1,2,0,1,7966,26,car
526,31,0,2,0,2,1532,15,education
527,42,1,1,0,1,1503,4,radio/TV
528,31,1,2,2,1,2302,36,radio/TV
529,41,1,1,0,1,662,6,car
530,32,1,2,0,1,2273,36,education
531,28,0,2,2,2,2631,15,car
532,41,1,2,2,1,1503,12,car
533,26,1,2,0,2,1311,24,radio/TV
534,25,1,2,0,1,3105,24,radio/TV
535,33,1,2,2,1,2319,21,education
536,75,0,3,0,1,1374,6,car
537,37,0,2,0,1,3612,18,furniture/equipment
538,42,1,3,1,1,7763,48,car
539,45,0,1,0,1,3049,18,furniture/equipment
540,23,1,2,2,1,1534,12,radio/TV
541,60,1,2,1,1,2032,24,car
542,31,1,2,0,1,6350,30,furniture/equipment
543,34,1,1,0,1,2864,18,furniture/equipment
544,61,1,1,0,1,1255,12,car
545,43,1,2,1,1,1333,24,car
546,37,0,2,0,1,2022,24,car
547,32,1,2,0,1,1552,24,radio/TV
548,24,0,1,0,1,626,12,radio/TV
549,35,1,2,1,4,8858,48,car
550,23,0,2,0,4,996,12,repairs
551,45,1,1,0,4,1750,6,radio/TV
552,34,1,2,0,1,6999,48,radio/TV
553,27,1,2,0,2,1995,12,car
554,67,0,3,0,1,1199,9,education
555,22,1,2,0,1,1331,12,radio/TV
556,28,0,2,0,2,2278,18,car
557,29,0,2,0,1,5003,21,car
558,27,1,2,0,1,3552,24,furniture/equipment
559,31,1,1,0,1,1928,18,furniture/equipment
560,49,1,2,1,1,2964,24,car
561,24,1,1,2,1,1546,24,radio/TV
562,29,0,2,0,1,683,6,radio/TV
563,37,1,2,1,2,12389,36,car
564,37,1,3,0,2,4712,24,business
565,23,0,2,2,2,1553,24,radio/TV
566,36,1,2,0,1,1372,12,car
567,34,1,2,0,3,2578,24,radio/TV
568,41,1,2,0,1,3979,48,radio/TV
569,31,0,2,0,1,6758,48,radio/TV
570,23,0,1,2,1,3234,24,furniture/equipment
571,38,1,2,0,1,5954,30,radio/TV
572,26,0,3,2,1,5433,24,car
573,22,0,1,0,1,806,15,business
574,27,1,1,0,1,1082,9,radio/TV
575,24,0,2,0,1,2788,15,furniture/equipment
576,27,0,2,0,1,2930,12,radio/TV
577,33,0,2,0,1,1927,24,education
578,27,1,2,0,1,2820,36,car
579,27,1,1,0,1,937,24,education
580,30,1,2,0,1,1056,18,car
581,49,1,1,0,1,3124,12,car
582,26,0,2,2,1,1388,9,furniture/equipment
583,33,1,1,2,1,2384,36,repairs
584,52,0,3,1,1,2133,12,car
585,20,0,2,2,1,2039,18,furniture/equipment
586,36,1,2,2,1,2799,9,car
587,21,1,1,0,1,1289,12,furniture/equipment
588,47,1,1,0,1,1217,18,domestic appliances
589,60,1,2,0,1,2246,12,furniture/equipment
590,58,0,1,0,1,385,12,radio/TV
591,42,0,2,2,3,1965,24,car
592,36,0,1,0,3,1572,21,business
593,20,0,1,2,1,2718,24,car
594,40,1,3,0,2,1358,24,vacation/others
595,32,0,1,0,2,931,6,car
596,23,0,2,2,1,1442,24,car
597,36,1,1,0,1,4241,24,business
598,31,1,2,0,1,2775,18,car
599,32,1,2,1,1,3863,24,business
600,45,0,2,0,1,2329,7,radio/TV
601,30,0,2,0,1,918,9,furniture/equipment
602,34,0,1,1,1,1837,24,education
603,28,0,3,0,1,3349,36,furniture/equipment
604,23,0,2,0,1,1275,10,furniture/equipment
605,22,1,2,0,4,2828,24,furniture/equipment
606,74,1,3,0,1,4526,24,business
607,50,0,2,1,2,2671,36,radio/TV
608,33,1,2,0,1,2051,18,radio/TV
609,45,1,2,1,2,1300,15,car
610,22,0,2,0,2,741,12,domestic appliances
611,48,0,1,1,2,1240,10,car
612,29,0,2,0,3,3357,21,radio/TV
613,22,0,2,2,1,3632,24,car
614,22,0,2,0,1,1808,18,furniture/equipment
615,48,1,3,0,1,12204,48,business
616,27,1,3,1,1,9157,60,radio/TV
617,37,1,2,2,1,3676,6,car
618,21,0,2,2,2,3441,30,furniture/equipment
619,49,1,1,0,1,640,12,car
620,27,1,2,0,1,3652,21,business
621,32,1,2,0,1,1530,18,car
622,38,1,2,0,1,3914,48,business
623,22,0,2,2,1,1858,12,furniture/equipment
624,65,1,2,1,1,2600,18,radio/TV
625,35,1,2,0,1,1979,15,radio/TV
626,41,1,2,0,1,2116,6,furniture/equipment
627,29,1,2,0,2,1437,9,car
628,36,1,2,0,4,4042,42,furniture/equipment
629,64,1,1,0,1,3832,9,education
630,28,0,2,0,1,3660,24,radio/TV
631,44,1,2,0,1,1553,18,furniture/equipment
632,23,1,2,0,1,1444,15,radio/TV
633,19,0,2,2,1,1980,9,furniture/equipment
634,25,0,1,0,1,1355,24,car
635,47,1,2,0,1,1393,12,education
636,28,0,2,0,4,1376,24,radio/TV
637,21,1,2,0,1,15653,60,radio/TV
638,34,0,2,0,1,1493,12,radio/TV
639,26,1,2,0,1,4370,42,radio/TV
640,27,0,0,0,1,750,18,education
641,38,1,1,0,1,1308,15,repairs
642,40,1,3,0,2,4623,15,education
643,33,1,2,0,1,1851,24,radio/TV
644,32,1,3,0,1,1880,18,radio/TV
645,27,1,2,2,1,7980,36,business
646,32,1,2,0,1,4583,30,furniture/equipment
647,26,0,2,0,4,1386,12,car
648,38,1,2,1,1,947,24,car
649,40,1,1,2,1,684,12,education
650,50,1,3,1,1,7476,48,education
651,37,1,1,0,1,1922,12,furniture/equipment
652,45,1,2,0,1,2303,24,car
653,42,1,3,0,2,8086,36,car
654,35,1,2,0,1,2346,24,car
655,22,1,2,1,1,3973,14,car
656,41,1,1,0,1,888,12,car
657,37,1,2,0,1,10222,48,radio/TV
658,28,0,2,0,1,4221,30,business
659,41,1,2,0,1,6361,18,furniture/equipment
660,23,1,2,2,1,1297,12,radio/TV
661,23,1,2,0,1,900,12,car
662,50,1,2,0,1,2241,21,furniture/equipment
663,35,1,3,0,1,1050,6,furniture/equipment
664,50,0,1,0,1,1047,6,education
665,27,1,3,0,1,6314,24,vacation/others
666,34,1,2,0,3,3496,30,furniture/equipment
667,27,0,2,0,1,3609,48,business
668,43,1,2,2,1,4843,12,car
669,47,1,2,0,1,3017,30,radio/TV
670,27,1,1,0,2,4139,24,business
671,31,1,2,0,2,5742,36,business
672,42,1,3,0,1,10366,60,car
673,24,1,2,0,4,2080,6,car
674,41,1,1,0,4,2580,21,business
675,26,0,3,2,1,4530,30,radio/TV
676,33,1,2,0,1,5150,24,furniture/equipment
677,24,1,2,0,2,5595,72,radio/TV
678,64,1,1,2,1,2384,24,radio/TV
679,26,0,2,0,1,1453,18,radio/TV
680,56,0,2,0,1,1538,6,education
681,37,1,2,1,1,2279,12,radio/TV
682,33,1,2,0,1,1478,15,radio/TV
683,47,1,2,1,1,5103,24,radio/TV
684,31,1,1,0,2,9857,36,business
685,34,1,2,1,2,6527,60,car
686,27,1,2,0,2,1347,10,radio/TV
687,30,1,2,1,2,2862,36,car
688,35,1,2,0,2,2753,9,radio/TV
689,31,1,2,0,3,3651,12,car
690,25,1,2,0,1,975,15,furniture/equipment
691,25,0,1,0,2,2631,15,repairs
692,29,1,2,0,2,2896,24,radio/TV
693,44,1,1,0,1,4716,6,car
694,28,1,2,0,1,2284,24,radio/TV
695,50,1,2,2,4,1236,6,car
696,29,1,2,0,1,1103,12,radio/TV
697,38,0,0,0,1,926,12,car
698,24,1,2,0,1,1800,18,radio/TV
699,40,1,3,2,1,1905,15,education
700,29,0,1,2,4,1123,12,furniture/equipment
701,46,1,2,1,1,6331,48,car
702,47,0,2,1,2,1377,24,radio/TV
703,41,1,2,0,2,2503,30,business
704,32,0,2,0,1,2528,27,business
705,35,0,2,1,4,5324,15,car
706,24,1,2,0,2,6560,48,car
707,25,0,2,2,1,2969,12,furniture/equipment
708,25,0,2,0,1,1206,9,radio/TV
709,37,1,1,0,1,2118,9,radio/TV
710,32,1,3,0,4,629,18,radio/TV
711,35,0,2,1,1,1198,6,education
712,46,1,3,0,1,2476,21,car
713,25,1,1,0,1,1138,9,radio/TV
714,27,1,3,0,1,14027,60,car
715,63,1,2,0,1,7596,30,car
716,40,1,2,0,1,3077,30,radio/TV
717,32,1,3,1,1,1505,18,radio/TV
718,31,1,2,0,2,3148,24,radio/TV
719,31,1,2,0,2,6148,20,car
720,34,1,3,0,1,1337,9,radio/TV
721,24,0,2,2,3,433,6,education
722,24,0,1,0,1,1228,12,car
723,66,0,1,0,4,790,9,radio/TV
724,21,0,2,2,1,2570,27,car
725,41,0,1,0,3,250,6,car
726,47,1,1,0,4,1316,15,radio/TV
727,25,0,2,2,1,1882,18,radio/TV
728,59,0,2,2,1,6416,48,business
729,36,1,2,0,3,1275,24,business
730,33,1,2,0,1,6403,24,radio/TV
731,21,1,1,2,1,1987,24,radio/TV
732,44,0,1,0,1,760,8,radio/TV
733,28,0,2,2,3,2603,24,car
734,37,0,2,0,1,3380,4,car
735,29,0,0,0,1,3990,36,domestic appliances
736,23,0,3,2,1,11560,24,car
737,35,1,1,0,2,4380,18,car
738,45,1,3,0,1,6761,6,car
739,26,0,1,2,2,4280,30,business
740,32,1,2,0,2,2325,24,car
741,23,1,1,0,1,1048,10,radio/TV
742,41,1,2,0,4,3160,21,radio/TV
743,22,1,2,0,4,2483,24,furniture/equipment
744,30,1,3,0,1,14179,39,furniture/equipment
745,28,1,1,0,1,1797,13,business
746,23,0,2,2,1,2511,15,car
747,37,0,1,0,1,1274,12,car
748,26,1,2,0,1,5248,21,car
749,33,1,2,0,1,3029,15,car
750,49,0,2,0,1,428,6,furniture/equipment
751,23,0,1,0,1,976,18,car
752,23,0,1,2,2,841,12,business
753,25,0,2,0,1,5771,30,radio/TV
754,55,1,2,1,3,1555,12,repairs
755,32,0,2,2,1,1285,24,car
756,74,1,0,0,1,1299,6,car
757,39,1,2,1,1,1271,15,radio/TV
758,31,1,2,0,1,1393,24,car
759,35,1,2,0,1,691,12,car
760,59,0,2,0,1,5045,15,car
761,24,0,2,2,1,2124,18,furniture/equipment
762,24,1,1,0,1,2214,12,radio/TV
763,30,1,3,1,2,12680,21,car
764,27,1,2,0,2,2463,24,car
765,40,1,1,0,1,1155,12,radio/TV
766,31,1,1,0,1,3108,30,furniture/equipment
767,31,0,2,2,1,2901,10,car
768,28,1,2,2,1,3617,12,furniture/equipment
769,63,1,1,0,1,1655,12,radio/TV
770,26,0,2,2,1,2812,24,car
771,25,0,3,0,1,8065,36,education
772,36,1,3,0,1,3275,21,car
773,52,1,2,0,2,2223,24,radio/TV
774,66,1,0,1,4,1480,12,car
775,25,0,2,2,1,1371,24,car
776,37,1,2,0,1,3535,36,car
777,25,0,2,0,1,3509,18,radio/TV
778,38,1,3,0,3,5711,36,car
779,67,0,2,0,1,3872,18,repairs
780,25,1,2,0,1,4933,39,radio/TV
781,60,1,2,0,3,1940,24,car
782,31,1,1,0,1,1410,12,education
783,23,0,1,0,2,836,12,car
784,60,1,3,0,3,6468,20,car
785,35,1,1,0,3,1941,18,business
786,40,1,2,0,4,2675,22,radio/TV
787,38,1,2,0,1,2751,48,car
788,50,1,2,1,1,6224,48,education
789,27,1,2,0,1,5998,40,education
790,39,0,2,0,1,1188,21,business
791,41,1,3,0,1,6313,24,car
792,27,1,2,0,1,1221,6,furniture/equipment
793,51,1,2,1,1,2892,24,furniture/equipment
794,32,1,2,2,4,3062,24,furniture/equipment
795,22,0,2,2,2,2301,9,furniture/equipment
796,51,1,2,1,1,7511,18,car
797,22,0,1,2,1,1258,12,furniture/equipment
798,54,1,2,0,1,717,24,car
799,35,1,0,0,1,1549,9,car
800,54,1,2,1,1,1597,24,education
801,48,0,1,2,1,1795,18,radio/TV
802,24,0,2,0,1,4272,20,furniture/equipment
803,35,1,2,0,1,976,12,radio/TV
804,24,0,0,2,1,7472,12,car
805,24,1,2,0,1,9271,36,car
806,26,1,1,0,1,590,6,radio/TV
807,65,1,2,0,1,930,12,radio/TV
808,55,1,3,1,1,9283,42,car
809,26,0,0,2,1,1778,15,car
810,26,1,2,0,1,907,8,business
811,28,1,1,0,1,484,6,radio/TV
812,24,1,2,0,1,9629,36,car
813,54,1,2,0,1,3051,48,domestic appliances
814,46,1,2,1,1,3931,48,car
815,54,0,2,2,1,7432,36,car
816,62,1,2,0,4,1338,6,domestic appliances
817,24,0,2,2,1,1554,6,radio/TV
818,43,1,3,0,1,15857,36,vacation/others
819,26,1,2,0,1,1345,18,radio/TV
820,27,1,2,0,1,1101,12,car
821,24,1,2,0,1,3016,12,radio/TV
822,41,1,2,0,1,2712,36,furniture/equipment
823,47,1,1,0,1,731,8,car
824,35,1,3,0,1,3780,18,furniture/equipment
825,30,1,2,0,1,1602,21,car
826,33,0,2,2,1,3966,18,car
827,36,1,2,0,1,4165,18,business
828,47,1,2,1,4,8335,36,car
829,38,1,2,1,4,6681,48,business
830,44,1,2,0,4,2375,24,business
831,23,0,2,2,1,1216,18,car
832,29,1,2,2,1,11816,45,business
833,42,0,2,0,1,5084,24,radio/TV
834,25,0,1,0,1,2327,15,radio/TV
835,48,1,2,0,1,1082,12,car
836,21,0,2,0,1,886,12,radio/TV
837,23,0,1,2,1,601,4,furniture/equipment
838,63,1,2,0,1,2957,24,car
839,46,1,2,0,1,2611,24,radio/TV
840,29,1,2,0,1,5179,36,furniture/equipment
841,28,1,1,0,1,2993,21,car
842,23,0,2,0,1,1943,18,repairs
843,50,1,2,0,1,1559,24,business
844,47,1,2,0,1,3422,18,furniture/equipment
845,35,1,2,0,1,3976,21,furniture/equipment
846,68,1,2,2,1,6761,18,car
847,28,1,2,0,1,1249,24,car
848,59,1,2,0,1,1364,9,radio/TV
849,57,1,1,0,1,709,12,radio/TV
850,33,1,2,2,1,2235,20,car
851,43,1,2,0,1,4042,24,car
852,35,1,2,1,1,1471,15,radio/TV
853,32,1,1,1,1,1442,18,car
854,45,1,2,0,1,10875,36,car
855,33,1,2,0,2,1474,24,car
856,40,0,2,0,1,894,10,education
857,28,1,2,1,1,3343,15,furniture/equipment
858,29,0,2,0,1,3959,15,car
859,26,1,2,2,2,3577,9,car
860,27,1,2,0,3,5804,24,car
861,28,1,2,0,1,2169,18,business
862,35,0,2,0,1,2439,24,radio/TV
863,32,1,1,0,3,4526,27,furniture/equipment
864,25,1,1,2,1,2210,10,furniture/equipment
865,20,0,2,2,4,2221,15,furniture/equipment
866,27,0,2,0,1,2389,18,radio/TV
867,42,1,2,0,1,3331,12,furniture/equipment
868,37,1,2,0,1,7409,36,business
869,24,0,2,2,1,652,12,furniture/equipment
870,40,0,2,0,4,7678,36,furniture/equipment
871,46,1,2,0,1,1343,6,car
872,26,1,2,0,2,1382,24,business
873,24,0,2,0,1,874,15,domestic appliances
874,29,1,1,0,1,3590,12,furniture/equipment
875,40,0,2,0,3,1322,11,car
876,36,1,3,1,1,1940,18,radio/TV
877,28,1,2,0,1,3595,36,radio/TV
878,27,1,3,1,1,1422,9,car
879,36,1,2,0,1,6742,30,radio/TV
880,38,1,3,0,1,7814,24,car
881,48,1,2,1,1,9277,24,car
882,36,1,2,0,1,2181,30,car
883,65,0,0,0,1,1098,18,radio/TV
884,43,1,2,0,1,4057,24,furniture/equipment
885,53,0,2,0,1,795,12,education
886,34,1,2,0,1,2825,24,business
887,23,1,2,0,1,15672,48,business
888,34,1,3,0,1,6614,36,car
889,40,1,2,2,1,7824,28,car
890,43,1,3,0,1,2442,27,business
891,46,1,2,0,1,1829,15,radio/TV
892,38,1,1,0,1,2171,12,car
893,34,1,2,0,1,5800,36,car
894,29,1,2,0,1,1169,18,radio/TV
895,31,1,3,0,1,8947,36,car
896,28,0,3,2,1,2606,21,radio/TV
897,35,0,2,0,3,1592,12,furniture/equipment
898,33,0,1,2,1,2186,15,furniture/equipment
899,42,1,2,0,1,4153,18,furniture/equipment
900,43,1,2,2,1,2625,16,car
901,44,1,2,0,1,3485,20,car
902,42,1,2,1,1,10477,36,car
903,40,1,2,2,1,1386,15,radio/TV
904,36,1,3,0,1,1278,24,radio/TV
905,20,1,3,2,1,1107,12,radio/TV
906,24,1,1,0,1,3763,21,car
907,27,1,2,0,1,3711,36,education
908,46,0,1,0,1,3594,15,car
909,33,0,1,0,1,3195,9,car
910,34,0,2,0,1,4454,36,radio/TV
911,25,0,1,0,1,4736,24,furniture/equipment
912,25,0,2,0,3,2991,30,radio/TV
913,28,1,2,0,3,2142,11,business
914,31,1,2,2,1,3161,24,business
915,32,0,3,0,1,18424,48,vacation/others
916,32,1,2,0,2,2848,10,car
917,68,1,3,0,1,14896,6,car
918,33,1,2,0,2,2359,24,furniture/equipment
919,39,1,3,2,1,3345,24,furniture/equipment
920,28,0,2,0,1,1817,18,furniture/equipment
921,37,1,3,0,4,12749,48,radio/TV
922,22,0,2,2,1,1366,9,radio/TV
923,30,1,2,2,1,2002,12,car
924,55,1,2,0,1,6872,24,furniture/equipment
925,46,1,2,0,1,697,12,car
926,21,0,2,2,1,1049,18,furniture/equipment
927,39,1,2,1,1,10297,48,car
928,58,1,2,0,1,1867,30,radio/TV
929,43,1,1,0,1,1344,12,car
930,24,1,1,0,1,1747,24,furniture/equipment
931,22,0,2,0,1,1670,9,radio/TV
932,30,1,2,0,1,1224,9,car
933,42,1,2,0,4,522,12,radio/TV
934,23,0,2,0,1,1498,12,radio/TV
935,30,1,3,0,2,1919,30,radio/TV
936,28,0,1,0,1,745,9,radio/TV
937,30,1,3,2,1,2063,6,radio/TV
938,42,1,2,1,1,6288,60,education
939,46,1,3,0,1,6842,24,car
940,45,1,3,0,1,3527,12,car
941,31,1,1,0,1,1546,10,car
942,31,1,2,0,1,929,24,furniture/equipment
943,42,1,1,0,1,1455,4,car
944,46,0,2,2,1,1845,15,furniture/equipment
945,30,0,2,0,4,8358,48,car
946,30,1,2,1,4,3349,24,furniture/equipment
947,38,1,3,0,1,2859,12,car
948,43,1,1,0,1,1533,18,furniture/equipment
949,31,1,2,0,2,3621,24,radio/TV
950,40,1,0,0,1,3590,18,business
951,24,1,2,0,1,2145,36,business
952,28,0,2,2,4,4113,24,car
953,26,0,3,0,1,10974,36,furniture/equipment
954,29,0,2,0,1,1893,12,car
955,57,0,3,2,3,1231,24,radio/TV
956,49,1,1,0,1,3656,30,radio/TV
957,37,1,1,0,1,1154,9,radio/TV
958,45,1,1,0,1,4006,28,car
959,30,1,2,1,2,3069,24,furniture/equipment
960,30,1,2,2,1,1740,6,radio/TV
961,47,1,2,0,1,2353,21,car
962,29,1,2,0,4,3556,15,car
963,35,1,2,0,4,2397,24,radio/TV
964,22,1,1,0,1,454,6,repairs
965,26,0,2,0,4,1715,30,radio/TV
966,23,1,1,0,4,2520,27,radio/TV
967,54,0,3,2,1,3568,15,radio/TV
968,29,1,2,2,1,7166,42,radio/TV
969,40,1,1,0,1,3939,11,car
970,22,1,2,0,2,1514,15,repairs
971,43,1,1,0,1,7393,24,car
972,29,0,0,2,1,1193,24,car
973,36,1,2,2,1,7297,60,business
974,33,0,2,0,1,2831,30,radio/TV
975,57,0,1,0,4,1258,24,radio/TV
976,64,0,2,0,1,753,6,radio/TV
977,42,1,2,0,1,2427,18,business
978,47,1,1,0,1,2538,24,car
979,25,1,2,2,2,1264,15,car
980,49,1,2,0,1,8386,30,furniture/equipment
981,33,1,3,2,1,4844,48,business
982,28,0,3,0,2,2923,21,car
983,26,1,2,0,1,8229,36,car
984,30,1,1,0,1,2028,24,furniture/equipment
985,25,0,2,2,1,1433,15,furniture/equipment
986,33,1,2,0,1,6289,42,business
987,64,0,2,0,2,1409,13,radio/TV
988,29,1,3,1,1,6579,24,car
989,48,1,1,0,1,1743,24,radio/TV
990,37,1,1,0,2,3565,12,education
991,34,1,1,0,2,1569,15,radio/TV
992,23,1,1,2,1,1936,18,radio/TV
993,30,1,3,0,1,3959,36,furniture/equipment
994,50,1,2,0,1,2390,12,car
995,31,0,1,0,1,1736,12,furniture/equipment
996,40,1,3,0,1,3857,30,car
997,38,1,2,0,1,804,12,radio/TV
998,23,1,2,1,1,1845,45,radio/TV
999,27,1,2,0,2,4576,45,car
